{
  "best_model": "random_forest",
  "metrics": {
    "logistic_regression": {
      "accuracy": 0.9333333333333333,
      "precision": 0.9103448275862069,
      "recall": 0.9496402877697842,
      "f1": 0.9295774647887324,
      "roc_auc": 0.9893650297153581,
      "confusion_matrix": [
        [
          148,
          13
        ],
        [
          7,
          132
        ]
      ]
    },
    "random_forest": {
      "accuracy": 0.9966666666666667,
      "precision": 1.0,
      "recall": 0.9928057553956835,
      "f1": 0.9963898916967509,
      "roc_auc": 1.0,
      "confusion_matrix": [
        [
          161,
          0
        ],
        [
          1,
          138
        ]
      ]
    }
  }
}