{
  "best_model": "random_forest",
  "metrics": {
    "logistic_regression": {
      "accuracy": 0.93,
      "precision": 0.9214285714285714,
      "recall": 0.9280575539568345,
      "f1": 0.9247311827956989,
      "roc_auc": 0.9867286295187453,
      "confusion_matrix": [
        [
          150,
          11
        ],
        [
          10,
          129
        ]
      ]
    },
    "random_forest": {
      "accuracy": 0.9966666666666667,
      "precision": 1.0,
      "recall": 0.9928057553956835,
      "f1": 0.9963898916967509,
      "roc_auc": 1.0,
      "confusion_matrix": [
        [
          161,
          0
        ],
        [
          1,
          138
        ]
      ]
    }
  }
}