{
  "best_model": "random_forest",
  "metrics": {
    "logistic_regression": {
      "accuracy": 0.795,
      "precision": 0.6,
      "recall": 0.13953488372093023,
      "f1": 0.22641509433962265,
      "roc_auc": 0.6456821211672344,
      "confusion_matrix": [
        [
          153,
          4
        ],
        [
          37,
          6
        ]
      ]
    },
    "random_forest": {
      "accuracy": 1.0,
      "precision": 1.0,
      "recall": 1.0,
      "f1": 1.0,
      "roc_auc": 1.0,
      "confusion_matrix": [
        [
          157,
          0
        ],
        [
          0,
          43
        ]
      ]
    }
  }
}