{
  "best_model": "random_forest",
  "metrics": {
    "logistic_regression": {
      "accuracy": 0.805,
      "precision": 0.75,
      "recall": 0.13953488372093023,
      "f1": 0.23529411764705882,
      "roc_auc": 0.653977188564657,
      "confusion_matrix": [
        [
          155,
          2
        ],
        [
          37,
          6
        ]
      ]
    },
    "random_forest": {
      "accuracy": 1.0,
      "precision": 1.0,
      "recall": 1.0,
      "f1": 1.0,
      "roc_auc": 1.0,
      "confusion_matrix": [
        [
          157,
          0
        ],
        [
          0,
          43
        ]
      ]
    }
  }
}