{
  "best_model": "random_forest",
  "metrics": {
    "logistic_regression": {
      "accuracy": 0.8,
      "precision": 0.6666666666666666,
      "recall": 0.13953488372093023,
      "f1": 0.23076923076923078,
      "roc_auc": 0.6547178195822841,
      "confusion_matrix": [
        [
          154,
          3
        ],
        [
          37,
          6
        ]
      ]
    },
    "random_forest": {
      "accuracy": 0.995,
      "precision": 0.9772727272727273,
      "recall": 1.0,
      "f1": 0.9885057471264368,
      "roc_auc": 1.0,
      "confusion_matrix": [
        [
          156,
          1
        ],
        [
          0,
          43
        ]
      ]
    }
  }
}